학교,학과,학년-학기,학기,이수구분,학수번호,교과목명,영문교과목명,학점(시간)
건국대,행정학과,02월 01일,,전선,BSCA51041,공공인적자원관리론,PUBLIC HUMAN RESOURCE MANAGEMENT,3(3)
건국대,행정학과,02월 01일,,전선,BSCA50996,사회과학탐구의논리,THE LOGIC OF SOCIAL SCIENCE RESEARCH,3(3)
건국대,행정학과,02월 01일,,전선,BSCA06558,조직관리론,ADMINISTRATIVE ORGANIZATION & MANAGEMENT,3(3)
건국대,행정학과,02월 01일,,전선,BSCA39773,행정계량분석1,ADVANCED STATISTICAL ANALYSIS FOR PUBLIC POLICY AND ADMINISTRATION 1.,3(3)
건국대,행정학과,"2-1,2",,전선,BSCA06408,행정학개론,INTRODUCTION TO PUBLIC ADMINISTRATION,3(3)
건국대,행정학과,02월 02일,,전선,BSCA64314,공공데이터의분석과응용,PUBLIC DATA ANALYSIS AND APPLICATIONS,3(3)
건국대,행정학과,02월 02일,,전선,BSCA64315,공직적성의이해,UNDERSTANDING PUBLIC SERVICE APTITUDE,3(3)
건국대,행정학과,02월 02일,,전선,BSCA50998,도시생활과공공거버넌스,URBAN LIFE AND PUBLIC GOVERNANCE,3(3)
건국대,행정학과,02월 02일,,전선,BSCA12995,정책학개론,THEORIES OF PUBLIC POLICY,3(3)
건국대,행정학과,02월 02일,,전선,BSCA06559,조직행태론,ORGANIZATION BEHAVIOR,3(3)
건국대,행정학과,02월 02일,,전선,BSCA50999,현대사회와전자정부,E-GOVERNMENT IN CONTEMPORARY SOCIETY,3(3)
건국대,행정학과,03월 01일,,전선,BSCA68363,FINANCIAL ADMINISTRATION,FINANCIAL ADMINISTRATION,3(3)
건국대,행정학과,03월 01일,,전선,BSCA25503,공공서비스론,THEORY OF PUBLIC SERVICE,3(3)
건국대,행정학과,03월 01일,,전선,BSCA06538,과학기술정책론,SCIENCE & TECHNOLOGY AND PUBLIC POLICY,3(3)
건국대,행정학과,03월 01일,,전선,BSCA06552,재무행정론,FINANCIAL ADMINISTRATION,3(3)
건국대,행정학과,03월 01일,,전선,BSCA46466,정책사례분석,CASE STUDY OF PUBLIC POLICY,3(3)
건국대,행정학과,03월 01일,,전선,BSCA25569,지방자치론,LOCAL ADMINISTRATION,3(3)
건국대,행정학과,03월 01일,,전선,BSCA51000,현대사회와리더십,LEADERSHIP IN MODERN SOCIETY,3(3)
건국대,행정학과,03월 02일,,전선,BSCA51007,공공재정분석,ANALYSIS OF PUBLIC FINANCE,3(3)
건국대,행정학과,03월 02일,,전선,BSCA51001,정부성과관리론,GOVERNMENT PERFORMANCE MANAGEMENT,3(3)
건국대,행정학과,03월 02일,,전선,BSCA51004,정부와기업활동,GOVERNMENT AND THE ECONOMY,3(3)
건국대,행정학과,03월 02일,,전선,BSCA06556,정책분석평가,POLICY ANALYSIS & EVALUATION,3(3)
건국대,행정학과,03월 02일,,전선,BSCA51003,행정인턴십,PUBLIC ADMINISTRATION INTERNSHIP,3(3)
건국대,행정학과,03월 02일,,전선,BSCA55557,현대행정의테마,THEMES OF MODERN PUBLIC ADMINISTRATION,3(3)
건국대,행정학과,04월 01일,,전선,BSCA51002,공공재무관리,FINANCIAL MANAGEMENT IN PUBLIC AND NONPROFIT ORGANIZATIONS,3(3)
건국대,행정학과,04월 01일,,전선,BSCA06548,비교행정및정책론,COMPARATIVE PUBLIC ADMINISTRATION & POLICY,3(3)
건국대,행정학과,04월 01일,,전선,BSCA51005,세계화와사회복지정책,GLOBALIZATION AND SOCIAL WELFARE POLICY,3(3)
건국대,행정학과,04월 01일,,전선,BSCA51006,세계화와지역정책,GLOBALIZATION AND REGIONAL DEVELOPMENT POLICY,3(3)
건국대,행정학과,04월 01일,,전선,BSCA64316,환경과자원정책론,ENVIRONMENTAL AND NATURAL RESOURCE POLICY,3(3)
건국대,행정학과,04월 02일,,전선,BSCA64317,ODA와글로벌거버넌스,ODA AND GLOBAL GOVERNANCE,3(3)
건국대,행정학과,04월 02일,,전선,BSCA65267,SOCIAL PROBLEMS AND PUBLIC ADMINISTRATION,SOCIAL PROBLEMS AND PUBLIC ADMINISTRATION,3(3)
건국대,행정학과,04월 02일,,전선,BSCA51009,공기업경영론,PUBLIC ENTERPRISE: THEORY AND PRACTICE,3(3)
건국대,행정학과,04월 02일,,전선,BSCA06560,지방재정론,PUBLIC BUDGETING & FINANCIAL ADMINISTRATION IN LOCAL GOVERNMENT,3(3)
건국대,행정학과,04월 02일,,전선,BSCA06565,한국행정론,KOREAN GOVERNMENT & ADMINISTRATION,3(3)
건국대,행정학과,04월 02일,,전선,BSCA06584,행정PR론,ADMINISTRATIVE PUBLIC RELATIONS,3(3)
경기대,행정학과,1,,,BT701,행정학개론,,3
경기대,행정학과,1,,,BB849,공공인재학부전공및진로탐색,,1
경기대,행정학과,1,,,BE756,정치외교학입문,,3
경기대,행정학과,1,,,BB850,행정영어입문,,3
경기대,행정학과,1,,,BU703,국제관계론,,3
경기대,행정학과,2,,,BB707,재무행정론,,3
경기대,행정학과,2,,,BB451,정부조직구조론,,3
경기대,행정학과,2,,,BB716,행정이론,,3
경기대,행정학과,2,,,BB705,정책학원론,,3
경기대,행정학과,2,,,BB709,인사행정론,,3
경기대,행정학과,2,,,CA706,지방재정론,,3
경기대,행정학과,2,,,BB211,고전과행정학,,3
경기대,행정학과,2,,,BB858,행정기초통계,,3
경기대,행정학과,3,,,BB859,갈등관리와협력,,3
경기대,행정학과,3,,,BB210,도시행정론,,3
경기대,행정학과,3,,,BB405,한국행정론,,3
경기대,행정학과,3,,,BB724,지방정부론,,3
경기대,행정학과,3,,,BB860,전략기획과성과관리,,3
경기대,행정학과,3,,,BB202,조직관리론,,3
경기대,행정학과,3,,,BB851,행정과데이터활용,,3
경기대,행정학과,3,,,BB010,사회과학방법론,,3
경기대,행정학과,3,,,BB720,정부간관계론,,3
경기대,행정학과,3,,,BB852,행정학전공개별진로연구,,1
경기대,행정학과,4,,,BB503,공기업론,,3
경기대,행정학과,4,,,BB020,관료제와시민사회,,3
경기대,행정학과,4,,,BB853,정책사례연구(캡스톤디자인),,3
경기대,행정학과,4,,,BB854,행정혁신세미나,,3
경기대,행정학과,4,,,BB861,정책분석평가론,,3
경기대,행정학과,4,,,BB722,리더십론,,3
경기대,행정학과,4,,,BB725,행정윤리및철학,,3
경기대,행정학과,4,,,BB855,행정사례세미나,,3
경기대,행정학과,4,,,BB856,정책혁신세미나,,3
경희대,행정학과,1,1,,,행정학원론,,
경희대,행정학과,1,1,,,경제학원론,,
경희대,행정학과,1,1,,,민주주의와 행정,,
경희대,행정학과,1,2,,,정책학개론,,
경희대,행정학과,1,2,,,민주주의와 행정,,
경희대,행정학과,1,2,,,경제학원론,,
경희대,행정학과,2,1,,,인사행정론,,
경희대,행정학과,2,1,,,재무행정론,,
경희대,행정학과,2,1,,,행정조직론,,
경희대,행정학과,2,1,,,행정통계,,
경희대,행정학과,2,1,,,정부관료제론,,
경희대,행정학과,2,1,,,도시정책론,,
경희대,행정학과,2,1,,,헌법,,
경희대,행정학과,2,1,,,정부론,,
경희대,행정학과,2,1,,,공공가치의 이해,,
경희대,행정학과,2,1,,,정경렉처,,
경희대,행정학과,2,2,,,인사행정론,,
경희대,행정학과,2,2,,,재무행정론,,
경희대,행정학과,2,2,,,행정조직론,,
경희대,행정학과,2,2,,,행정통계,,
경희대,행정학과,2,2,,,도시정책론,,
경희대,행정학과,3,1,,,복지정책,,
경희대,행정학과,3,1,,,지방행정과자치,,
경희대,행정학과,3,1,,,갈등관리와협력,,
경희대,행정학과,3,1,,,국제행정과개발협력,,
경희대,행정학과,3,1,,,환경정책론,,
경희대,행정학과,3,1,,,캡스톤디자인1,,
경희대,행정학과,3,1,,,"독립심화학습1,2",,
경희대,행정학과,3,1,,,공공빅데이터의이해와활용,,
경희대,행정학과,3,1,,,이민과난민정책,,
경희대,행정학과,3,2,,,복지정책,,
경희대,행정학과,3,2,,,지방행정과자치,,
경희대,행정학과,3,2,,,공공관리론,,
경희대,행정학과,3,2,,,공기업론,,
경희대,행정학과,3,2,,,정책분석론,,
경희대,행정학과,3,2,,,조사방법론,,
경희대,행정학과,3,2,,,캡스톤디자인2,,
경희대,행정학과,3,2,,,"독립심화학습1,2",,
경희대,행정학과,3,2,,,국제행정과개발협력,,
경희대,행정학과,3,2,,,인공지능과공공정책,,
경희대,행정학과,3,2,,,복지국가론,,
경희대,행정학과,4,1,,,정책평가론,,
경희대,행정학과,4,1,,,행정사례연구,,
경희대,행정학과,4,1,,,행정법총론,,
경희대,행정학과,4,1,,,정부간관계론,,
경희대,행정학과,4,1,,,행정개혁론,,
경희대,행정학과,4,1,,,캡스톤디자인1(행정학),,
경희대,행정학과,4,1,,,과학기술과혁신정책,,
경희대,행정학과,4,1,,,"독립심화학습1,2",,
경희대,행정학과,4,2,,,국토공간관리,,
경희대,행정학과,4,2,,,전략기획론,,
경희대,행정학과,4,2,,,정부간관계론,,
경희대,행정학과,4,2,,,행정법총론,,
경희대,행정학과,4,2,,,한국행정론,,
경희대,행정학과,4,2,,,정책집행과성과관리,,
경희대,행정학과,4,2,,,현장실습(행정학),,
경희대,행정학과,4,2,,,캡스톤디자인2(행정학),,
경희대,행정학과,4,2,,,"독립심화학습1,2",,
고려대,행정학과,1,1,,,행정학원론,,
고려대,행정학과,1,2,,,조직이론,,
고려대,행정학과,1,2,,,민주주의와 행정,,
고려대,행정학과,1,2,,,조사방법론,,
고려대,행정학과,1,2,,,갈등관리와협상,,
고려대,행정학과,1,2,,,정책학,,
고려대,행정학과,2,1,,,환경정책,,
고려대,행정학과,2,1,,,공공철학과윤리,,
고려대,행정학과,2,1,,,국가디자인론,,
고려대,행정학과,1,2,,,통치제도와정책,,
고려대,행정학과,2,1,,,공공부문의경제적분석,,
고려대,행정학과,2,1,,,공공관리자를위한행정법I,,
고려대,행정학과,2,1,,,공공행정과민주적거버넌스,,
고려대,행정학과,2,2,,,정부와시민사회,,
고려대,행정학과,2,2,,,공공관리자를위한행정법II,,
고려대,행정학과,2,2,,,소수자정책,,
고려대,행정학과,2,2,,,복지국가론,,
고려대,행정학과,3,1,,,행정과법,,
고려대,행정학과,3,2,,,정부와시장,,
고려대,행정학과,3,2,,,행정학특강III,,
고려대,행정학과,4,1,,,행정의이해와논리적사고,,
고려대,행정학과,4,2,,,비교정부,,
고려대,행정학과,2,1,,,예산과재무관리,,
고려대,행정학과,2,1,,,인사행정,,
고려대,행정학과,2,2,,,조직행태론,,
고려대,행정학과,2,2,,,정부부패,,
고려대,행정학과,3,1,,,공공관리,,
고려대,행정학과,3,1,,,행정이론,,
고려대,행정학과,3,1,,,한국행정론,,
고려대,행정학과,3,2,,,정부회계와감사,,
고려대,행정학과,3,2,,,정부관료제,,
고려대,행정학과,3,2,,,기계학습과행정혁신,,
고려대,행정학과,3,2,,,디지털기술과데이터기반정부,,
고려대,행정학과,4,1,,,정보관리와전자정부,,
고려대,행정학과,4,2,,,행정과리더십,,
고려대,행정학과,2,1,,,정책기획론,,
고려대,행정학과,2,2,,,공공정책형성,,
고려대,행정학과,2,2,,,지방행정,,
고려대,행정학과,3,1,,,정책분석및평가,,
고려대,행정학과,3,1,,,정책평가론,,
고려대,행정학과,3,1,,,복지정책,,
고려대,행정학과,3,1,,,공공부문의양적분석,,
고려대,행정학과,3,1,,,도시계획론,,
고려대,행정학과,3,2,,,도시관리와정책,,
고려대,행정학과,3,2,,,사회정책,,
고려대,행정학과,3,2,,,지역개발론,,
고려대,행정학과,4,1,,,비교정책,,
고려대,행정학과,4,1,,,과학기술정책,,
고려대,행정학과,4,2,,,위험사회와정책,,
고려대,행정학과,2,2,,,행정통계분석,,
고려대,행정학과,3,1,,,행정데이터분석을위한프로그래밍,,
고려대,행정학과,4,1,,,행정사례분석,,
고려대,행정학과,4,1,,,행정학특강,,
고려대,행정학과,4,2,,,정책사례분석,,
고려대,행정학과,4,2,,,행정학특강II,,
광운대,행정학과,1,1,,,행정학개론,,03월 03일
광운대,행정학과,1,1,,,현대사회문제론,,03월 03일
광운대,행정학과,1,2,,,행정현장의 이해,,03월 03일
광운대,행정학과,1,2,,,Public Administration in Society,,03월 03일
광운대,행정학과,1,2,,,제4차 산업혁명과 법·제도적 대응,,03월 03일
광운대,행정학과,2,1,,,정책학,,03월 03일
광운대,행정학과,2,1,,,조직론,,03월 03일
광운대,행정학과,2,1,,,지방정부론,,03월 03일
광운대,행정학과,2,1,,,디지털시대의행정,,03월 03일
광운대,행정학과,2,1,,,관료제와민주주의,,03월 03일
광운대,행정학과,2,2,,,행정조사방법론,,03월 03일
광운대,행정학과,2,2,,,인사행정론,,03월 03일
광운대,행정학과,2,2,,,정부재정론,,03월 03일
광운대,행정학과,2,2,,,사회복지정책론,,03월 03일
광운대,행정학과,2,2,,,위험정책론,,03월 03일
광운대,행정학과,3,1,,,행정데이터분석론,,03월 03일
광운대,행정학과,3,1,,,정책분석평가론,,03월 03일
광운대,행정학과,3,1,,,규제정책론,,03월 03일
광운대,행정학과,3,1,,,Discussions in Public Administration,,03월 03일
광운대,행정학과,3,2,,,재무행정론,,03월 03일
광운대,행정학과,3,2,,,과학기술의행정학적이해,,03월 03일
광운대,행정학과,3,2,,,정책설계와 집행,,03월 03일
광운대,행정학과,3,2,,,행정사,,03월 03일
광운대,행정학과,3,2,,,비영리섹터와사회적경제,,03월 03일
광운대,행정학과,3,2,,,행정법특강,,03월 03일
광운대,행정학과,3,2,,,창의적사고와 전략기획,,03월 03일
광운대,행정학과,4,1,,,공공기관론,,03월 03일
광운대,행정학과,4,1,,,행정개혁론,,03월 03일
광운대,행정학과,4,1,,,미래정부와 성과관리,,03월 03일
광운대,행정학과,4,2,,,행정및정책사례세미나,,03월 03일
광운대,행정학과,4,2,,,글로벌이슈와정책,,03월 03일
광운대,행정학과,4,2,,,행정이슈특강,,03월 03일
국민대,행정학과,1학년,,,,S-TEAM CALSS,,
국민대,행정학과,1학년,,,,프로젝트러닝의 이해와실제,,
국민대,행정학과,1학년,,,,사회과학방법론,,
국민대,행정학과,1학년,,,,유레카프로젝트,,
국민대,행정학과,2학년,,,,기초통계,,
국민대,행정학과,2학년,,,,질적연구방법론,,
국민대,행정학과,2학년,,,,공공데이터사이언스와 빅데이터분석,,
국민대,행정학과,2학년,,,,정치경제학,,
국민대,행정학과,2학년,,,,행정이론,,
국민대,행정학과,2학년,,,,인사행정론,,
국민대,행정학과,2학년,,,,정책분석평가론,,
국민대,행정학과,2학년,,,,정책형성및집행론,,
국민대,행정학과,2학년,,,,자원배분론,,
국민대,행정학과,2학년,,,,빅데이터와정부혁신,,
국민대,행정학과,2학년,,,,복지국가와불평등,,
국민대,행정학과,2학년,,,,PR과공공마케팅,,
국민대,행정학과,2학년,,,,도시및지역계획론,,
국민대,행정학과,3~4학년,,,,조직이론과행태,,
국민대,행정학과,3~4학년,,,,성과관리론,,
국민대,행정학과,3~4학년,,,,재무행정론,,
국민대,행정학과,3~4학년,,,,데이터와행정의사결정,,
국민대,행정학과,3~4학년,,,,기획론,,
국민대,행정학과,3~4학년,,,,미래정부:공공데이터분석과AI,,
국민대,행정학과,3~4학년,,,,보건행정론,,
국민대,행정학과,3~4학년,,,,공기업관리론,,
국민대,행정학과,3~4학년,,,,재난및갈등관리론,,
국민대,행정학과,3~4학년,,,,사회정책론,,
국민대,행정학과,3~4학년,,,,행정학의이해와응용,,
국민대,행정학과,3~4학년,,,,지방행정론(캡스톤디자인),,
국민대,행정학과,3~4학년,,,,지역발전론(캡스톤디자인),,
국민대,행정학과,3~4학년,,,,4차산업혁명과 규제정책,,
국민대,행정학과,3~4학년,,,,정책학의이해와응용,,
국민대,행정학과,3~4학년,,,,공공정책리더십과 디자인사고(캡스톤디자인),,
국민대,행정학과,3~4학년,,,,관리과학,,
국민대,행정학과,2~4학년,,,,글로벌디지털정부와디지털경제,,
명지대,행정학과,1,1,,,행정학개론,,
명지대,행정학과,1,1,,,"행정학의이해E(1,2학년)",,
명지대,행정학과,1,1,,,시민사회와 행정(전학년),,
명지대,행정학과,1,2,,,행정학개론,,
명지대,행정학과,1,2,,,"행정학의이해E(1,2학년)",,
명지대,행정학과,1,2,,,시민사회와 행정(전학년),,
명지대,행정학과,2,1,,,사회조사방법1(계량행정),,
명지대,행정학과,2,1,,,공직준비세미나,,
명지대,행정학과,2,1,,,정부관료제론,,
명지대,행정학과,2,1,,,리더십과조직행동E(2학년이상),,
명지대,행정학과,2,1,,,지방행정론1,,
명지대,행정학과,2,1,,,사회복지학개론,,
명지대,행정학과,2,2,,,사회조사방법1(계량행정),,
명지대,행정학과,2,2,,,행정조직론,,
명지대,행정학과,2,2,,,인사행정론,,
명지대,행정학과,2,2,,,정부예산의 이해(재무행정론),,
명지대,행정학과,2,2,,,비영리조직E(2학년이상),,
명지대,행정학과,2,2,,,정책학원론,,
명지대,행정학과,2,2,,,국가와사회(지역사회와행정),,
명지대,행정학과,2,2,,,자원봉사론,,
명지대,행정학과,3,1,,,사회조사방법2(행정조사방법론),,
명지대,행정학과,3,1,,,조직행태론,,
명지대,행정학과,3,1,,,행정법1,,
명지대,행정학과,3,1,,,공공경제학(재정학),,
명지대,행정학과,3,1,,,감성과현대행정E(2학년이상),,
명지대,행정학과,3,1,,,정책분석및평가,,
명지대,행정학과,3,1,,,환경정책론,,
명지대,행정학과,3,1,,,사회복지조사론,,
명지대,행정학과,3,2,,,기획론,,
명지대,행정학과,3,2,,,행정법2,,
명지대,행정학과,3,2,,,행정책임론,,
명지대,행정학과,3,2,,,행정취업세미나,,
명지대,행정학과,3,2,,,비교정책론E(2학년이상),,
명지대,행정학과,3,2,,,과학기술정책론,,
명지대,행정학과,3,2,,,지방행정론2(자치와 주민참여),,
명지대,행정학과,3,2,,,도시행정론,,
명지대,행정학과,3,2,,,사회복지법제와실천,,
명지대,행정학과,3,2,,,사회복지실천기술론,,
명지대,행정학과,4,1,,,정부규제,,
명지대,행정학과,4,1,,,공기업론,,
명지대,행정학과,4,1,,,문화정책,,
명지대,행정학과,4,1,,,사회복지행정론,,
명지대,행정학과,4,1,,,사회복지정책론,,
명지대,행정학과,4,2,,,행정관리론,,
명지대,행정학과,4,2,,,정부혁신론,,
명지대,행정학과,4,2,,,재난안전정책(재난안전관리),,
명지대,행정학과,4,2,,,정책갈등과윤리(공공철학과윤리),,
명지대,행정학과,4,2,,,사회복지현장실습,,
명지대,행정학과,전학년,1,,,사회복지실천론,,
명지대,행정학과,전학년,1,,,노인복지론,,
명지대,행정학과,전학년,2,,,지역사회복지론,,
명지대,행정학과,전학년,1,,,사회복지윤리와철학,,
명지대,행정학과,전학년,2,,,장애인복지론,,
서울시립대,행정학과,1,,,,학업설계상담I,,
서울시립대,행정학과,1,,,,학업설계상담II,,
서울시립대,행정학과,1,,,,정책학,,
서울시립대,행정학과,1,,,,조사방법론,,
서울시립대,행정학과,1,,,,행정과정치,,
서울시립대,행정학과,1,,,,행정학개론,,
서울시립대,행정학과,2,,,,행정과헌법,,
서울시립대,행정학과,2,,,,계량행정론,,
서울시립대,행정학과,2,,,,국정관리론:거버넌스의이해와실제,,
서울시립대,행정학과,2,,,,복지행정론,,
서울시립대,행정학과,2,,,,인사행정론,,
서울시립대,행정학과,2,,,,재무행정론,,
서울시립대,행정학과,2,,,,지방행정론,,
서울시립대,행정학과,2,,,,행정정보체계론,,
서울시립대,행정학과,2,,,,행정조직론,,
서울시립대,행정학과,3,,,,서울시혁신정책의이해,,
서울시립대,행정학과,3,,,,정경대학현장실습1,,
서울시립대,행정학과,4,,,,정부간관계론,,
서울시립대,행정학과,4,,,,정책평가론,,
서울시립대,행정학과,4,,,,규제관리론,,
서울시립대,행정학과,4,,,,행정학연습,,
서울시립대,행정학과,4,,,,행정행태론,,
서울시립대,행정학과,4,,,,정부재정과공기업,,
서울시립대,행정학과,4,,,,한국행정론,,
서울시립대,행정학과,4,,,,행정캡스톤디자인,,
서울여대,행정학과,1,1,,,행정학원론,,
서울여대,행정학과,1,1,,,헌법 I,,
서울여대,행정학과,1,1,,,행정학전공진로탐색,,
서울여대,행정학과,1,"1,2",,,사회조사와통계,,
서울여대,행정학과,1,2,,,헌법 II,,
서울여대,행정학과,1,2,,,지방자치와지역혁신,,
서울여대,행정학과,1,2,,,조직이론,,
서울여대,행정학과,2,1,,,행정행태론,,
서울여대,행정학과,2,1,,,행정법 I,,
서울여대,행정학과,2,1,,,정책학원론,,
서울여대,행정학과,2,1,,,디지털혁신,,
서울여대,행정학과,2,2,,,인사행정론,,
서울여대,행정학과,2,2,,,재무행정론,,
서울여대,행정학과,2,2,,,행정법 II,,
서울여대,행정학과,2,2,,,빅데이터시대의행정,,
서울여대,행정학과,3,1,,,도시행정론,,
서울여대,행정학과,3,1,,,공기업론,,
서울여대,행정학과,3,1,,,지방재정론,,
서울여대,행정학과,3,1,,,전략적기획과성과관리,,
서울여대,행정학과,3,1,,,정책홍보와마케팅,,
서울여대,행정학과,3,1,,,미래사회와시민역량,,
서울여대,행정학과,3,2,,,정책분석및평가,,
서울여대,행정학과,3,2,,,거버넌스와시민,,
서울여대,행정학과,3,2,,,문화와정책,,
서울여대,행정학과,3,2,,,행정사례 I,,
서울여대,행정학과,3,2,,,캡스톤디자인,,
서울여대,행정학과,4,1,,,환경행정론,,
서울여대,행정학과,4,1,,,여성복지와정책,,
서울여대,행정학과,4,1,,,행정사례 II,,
서울여대,행정학과,4,1,,,정책학실습,,
서울여대,행정학과,4,"1, 2",,,미래행정세미나,,
서울여대,행정학과,4,2,,,협상론,,
서울여대,행정학과,4,2,,,조직커뮤니케이션,,
서울여대,행정학과,4,2,,,공직윤리와공공감사,,
서울여대,행정학과,4,2,,,공공인적자원개발론,,
성균관대,행정학과,2,2,,,인사행정론,,
성균관대,행정학과,2,2,,,재무행정론,,
성균관대,행정학과,2,2,,,행정법 II,,
성균관대,행정학과,2,2,,,빅데이터시대의행정,,
성균관대,행정학과,3,1,,,도시행정론,,
성균관대,행정학과,3,1,,,공기업론,,
성균관대,행정학과,3,1,,,지방재정론,,
성균관대,행정학과,3,1,,,전략적기획과성과관리,,
성균관대,행정학과,3,1,,,정책홍보와마케팅,,
성균관대,행정학과,3,1,,,미래사회와시민역량,,
성균관대,행정학과,3,2,,,정책분석및평가,,
성균관대,행정학과,3,2,,,거버넌스와시민,,
성균관대,행정학과,3,2,,,문화와정책,,
성균관대,행정학과,3,2,,,행정사례 I,,
성균관대,행정학과,3,2,,,캡스톤디자인,,
성균관대,행정학과,4,1,,,환경행정론,,
성균관대,행정학과,4,1,,,여성복지와정책,,
성균관대,행정학과,4,1,,,행정사례 II,,
성균관대,행정학과,4,1,,,정책학실습,,
성균관대,행정학과,4,"1, 2",,,미래행정세미나,,
성균관대,행정학과,4,2,,,협상론,,
성균관대,행정학과,4,2,,,조직커뮤니케이션,,
성균관대,행정학과,4,2,,,공직윤리와공공감사,,
성균관대,행정학과,4,2,,,공공인적자원개발론,,
세종대,행정학과,,,,,공공거버넌스와네트워크,,
세종대,행정학과,,,,,공기업론,,
세종대,행정학과,,,,,공법연습,,
세종대,행정학과,,,,,관료제도론,,
세종대,행정학과,,,,,국제개발과협력,,
세종대,행정학과,,,,,국제행정론,,
세종대,행정학과,,,,,기획론,,
세종대,행정학과,,,,,도시행정론,,
세종대,행정학과,,,,,복지행정론,,
세종대,행정학과,,,,,빅데이터와행정분석,,
세종대,행정학과,,,,,인사행정론,,
세종대,행정학과,,,,,일반사회교과교육론,,
세종대,행정학과,,,,,일반사회교과교재연구및지도법,,
세종대,행정학과,,,,,일반사회논리및논술,,
세종대,행정학과,,,,,재무행정론,,
세종대,행정학과,,,,,정부와행정,,
세종대,행정학과,,,,,정책론,,
세종대,행정학과,,,,,정책분석평가론,,
세종대,행정학과,,,,,정책사례분석,,
세종대,행정학과,,,,,조직론I,,
세종대,행정학과,,,,,조직론II,,
세종대,행정학과,,,,,"졸업연구및진로1,2",,
세종대,행정학과,,,,,지방행정론,,
세종대,행정학과,,,,,통계패키지와행정분석,,
세종대,행정학과,,,,,행정학연습,,
세종대,행정학과,,,,,행정학원론,,
세종대,행정학과,,,,,"행정학전공인턴쉽1,2",,
세종대,행정학과,,,,,헌법학원론,,
세종대,행정학과,,,,,NGO와시민참여,,
세종대,행정학과,,,,,전자정부론,,
숙명여대,행정학과,2학년,2학기,,,인사행정론,,
숙명여대,행정학과,3-4학년,1학기,,,재무행정론,,
숙명여대,행정학과,2학년,1학기,,,정책학개론,,
숙명여대,행정학과,2학년,1학기,,,행정조직론,,
숙명여대,행정학과,1학년,1학기,,,행정학원론,,
숙명여대,행정학과,1학년,2학기,,,거버넌스의이해,,
숙명여대,행정학과,3-4학년,2학기,,,공공관리론,,
숙명여대,행정학과,전공기초,모든학기,,,공공리더가되는첫걸음,,
숙명여대,행정학과,3-4학년,2학기,,,공공인재와핵심역량,,
숙명여대,행정학과,3-4학년,2학기,,,공기업론,,
숙명여대,행정학과,3-4학년,1학기,,,규제행정론,,
숙명여대,행정학과,4학년,1학기,,,데이터분석및활용,,
숙명여대,행정학과,2학년,1학기,,,데이터사이언스개론,,
숙명여대,행정학과,3학년,1학기,,,도시행정론,,
숙명여대,행정학과,3-4학년,1학기,,,복지정책론,,
숙명여대,행정학과,석사,모든학기,,,사회정책의이해,,
숙명여대,행정학과,전공기초,모든학기,,,소프트웨어의이해,,
숙명여대,행정학과,석사,모든학기,,,인력개발조사및통계분석,,
숙명여대,행정학과,3-4학년,1학기,,,전략기획론,,
숙명여대,행정학과,3-4학년,1학기,,,전자정부론,,
숙명여대,행정학과,3-4학년,2학기,,,정책분석평가론,,
숙명여대,행정학과,전공기초,2학기,,,좋은정부만들기,,
숙명여대,행정학과,2학년,2학기,,,지방행정론,,
숙명여대,행정학과,3학년,2학기,,,지역사회개발론,,
숙명여대,행정학과,4학년,2학기,,,행정계량분석,,
숙명여대,행정학과,3-4학년,1학기,,,행정과리더십,,
숙명여대,행정학과,3-4학년,1학기,,,행정조사방법론,,
숙명여대,행정학과,4학년,2학기,,,행정학연습(캡스톤디자인),,
숙명여대,행정학과,3-4학년,2학기,,,행정행태론,,
숙명여대,행정학과,3-4학년,2학기,,,환경행정론,,
연세대,행정학과,,,,,행정학개론,,
연세대,행정학과,,,,,행정학개론,,
연세대,행정학과,,,,,주니어세미나 ⓟ,,
연세대,행정학과,,,,,공공관리경제학,,
연세대,행정학과,,,,,행정법(1),,
연세대,행정학과,,,,,정보체계론,,
연세대,행정학과,,,,,인력관리론,,
연세대,행정학과,,,,,헌법(1),,
연세대,행정학과,,,,,조직과 환경,,
연세대,행정학과,,,,,거버전스와 민주주의,,
연세대,행정학과,,,,,현대비교정부론,,
연세대,행정학과,,,,,정책학개론,,
연세대,행정학과,,,,,재정학,,
연세대,행정학과,,,,,조직론,,
연세대,행정학과,,,,,한국정부론,,
연세대,행정학과,,,,,헌법과 민주행정,,
연세대,행정학과,,,,,지방행정과 공동체,,
연세대,행정학과,,,,,행정학 영어특강,,
연세대,행정학과,,,,,관료제와 민주주의,,
연세대,행정학과,,,,,전략적 기획론,,
연세대,행정학과,,,,,조직행태론,,
연세대,행정학과,,,,,공기업의 이해와 관리,,
연세대,행정학과,,,,,정책평가론,,
연세대,행정학과,,,,,정부규제론,,
연세대,행정학과,,,,,공공관리 이론과 사례,,
연세대,행정학과,,,,,산업정책론,,
연세대,행정학과,,,,,행정학 사례분석 연습,,
연세대,행정학과,,,,,재무행론,,
연세대,행정학과,,,,,행정법(2),,
연세대,행정학과,,,,,정책형성론,,
연세대,행정학과,,,,,사람과 도시,,
연세대,행정학과,,,,,정부와 기업,,
연세대,행정학과,,,,,조사방법론,,
연세대,행정학과,,,,,행정수단론,,
연세대,행정학과,,,,,복지정책론,,
연세대,행정학과,,,,,공공의사결정론,,
연세대,행정학과,,,,,행정과정론,,
연세대,행정학과,,,,,지역개발론,,
연세대,행정학과,,,,,한국행정론,,
연세대,행정학과,,,,,정부개혁론,,
연세대,행정학과,,,,,리더십과 거버넌스,,
연세대,행정학과,,,,,정부회계학(1),,
연세대,행정학과,,,,,정부예산론,,
연세대,행정학과,,,,,대통령과 국정관리,,
연세대,행정학과,,,,,정부간관계론,,
연세대,행정학과,,,,,과학기술정책론,,
연세대,행정학과,,,,,정책집행 및 평가론,,
연세대,행정학과,,,,,프로젝트 관리론,,
연세대,행정학과,,,,,"혁신,창업과 정책",,
연세대,행정학과,,,,,정부와 비영리가구,,
연세대,행정학과,,,,,정책관리론,,
연세대,행정학과,,,,,세계거버넌스와 국제행정,,
연세대,행정학과,,,,,제도와 조직,,
연세대,행정학과,,,,,국제통상정책의 이론과 실제,,
연세대,행정학과,,,,,비교발전행정론,,
연세대,행정학과,,,,,행정학방법론,,
연세대,행정학과,,,,,문화정책론,,
연세대,행정학과,,,,,환경정책과 지속가능성,,
이화여대,행정학과,,,,,행정학의이해,,
이화여대,행정학과,,,,,정부와공공정책,,
이화여대,행정학과,,,,,조직행동과리더십,,
이화여대,행정학과,,,,,정책형성및집행,,
이화여대,행정학과,,,,,인사행정론,,
이화여대,행정학과,,,,,여성정책론,,
이화여대,행정학과,,,,,공법기초이론,,
이화여대,행정학과,,,,,재무행정론,,
이화여대,행정학과,,,,,행정조사방법론,,
이화여대,행정학과,,,,,복지행정론,,
이화여대,행정학과,,,,,지방자치론,,
이화여대,행정학과,,,,,국제행정론,,
이화여대,행정학과,,,,,규제행정론,,
이화여대,행정학과,,,,,정부회계학,,
이화여대,행정학과,,,,,도시문제와정책,,
이화여대,행정학과,,,,,거버넌스이론,,
이화여대,행정학과,,,,,행정계량분석,,
이화여대,행정학과,,,,,문화정책론,,
이화여대,행정학과,,,,,조직구조와설계,,
이화여대,행정학과,,,,,협상의이론과기법,,
이화여대,행정학과,,,,,시장과정부기획,,
이화여대,행정학과,,,,,전자정부와행정정보,,
이화여대,행정학과,,,,,행정과정치,,
이화여대,행정학과,,,,,정책분석과평가,,
이화여대,행정학과,,,,,행정학현장실습,,
이화여대,행정학과,,,,,행정학특강,,
이화여대,행정학과,,,,,보건정책론,,
이화여대,행정학과,,,,,공공노사관계론,,
이화여대,행정학과,,,,,행정철학과공직윤리,,
이화여대,행정학과,,,,,국제개발행정론,,
이화여대,행정학과,,,,,공공기관관리론,,
이화여대,행정학과,,,,,공공재정론,,
이화여대,행정학과,,,,,환경정책론,,
이화여대,행정학과,,,,,도시및지역계획론,,
이화여대,행정학과,,,,,정부간관계론,,
한성대,공공행정,1,1,,,비즈니스 데이터 사이언스,,
한성대,공공행정,1,2,,,통계로 읽어보는 빅데이터,,
한성대,공공행정,1,1,,,AI시대의 공공행정,,
한성대,공공행정,1,2,,,AI시대의 공공행정,,
한성대,공공행정,2,1,,,경제학원론,,
한성대,공공행정,2,1,,,AI와 행정통계,,
한성대,공공행정,2,1,,,정책관리와 AI활용,,
한성대,공공행정,2,1,,,재정학,,
한성대,공공행정,2,1,,,공공조직론,,
한성대,공공행정,2,2,,,AI시대의 행정철학,,
한성대,공공행정,2,2,,,공공관리자를 위한 행정법I,,
한성대,공공행정,2,2,,,디지털사회의 공공인재,,
한성대,공공행정,2,2,,,AI와 공공재정관리,,
한성대,공공행정,3,1,,,지방행정론,,
한성대,공공행정,3,1,,,복지정책론,,
한성대,공공행정,3,1,,,사회과학 프리인턴십,,
한성대,공공행정,3,1,,,AI시대의 인간개발,,
한성대,공공행정,3,1,,,행정조사방법론,,
한성대,공공행정,3,2,,,환경정책론,,
한성대,공공행정,3,2,,,공공관리자를 위한 행정법II,,
한성대,공공행정,3,2,,,문제기반 행정학연습,,
한성대,공공행정,4,1,,,경찰행정론,,
한성대,공공행정,4,1,,,AI와 디지털행정,,
한성대,공공행정,4,1,,,글로벌 거버넌스,,
한성대,공공행정,4,2,,,정부개혁론,,
한성대,공공행정,4,2,,,행정 및 정책사례연구,,
한성대,공공행정,4,2,,,AI기반 공공행정프로젝트 캡스톤디자인,,
한양대,행정학과,1,1학기,,,과학기술의철학적이해,,
한양대,행정학과,1,1학기,,,논리적사고,,
한양대,행정학과,1,1학기,,,문화기술인간,,
한양대,행정학과,1,1학기,,,법과사회,,
한양대,행정학과,1,1학기,,,사랑의실천1(한양나눔),,
한양대,행정학과,1,1학기,,,커리어개발Ⅰ:취.창업진로로드맵,,
한양대,행정학과,1,1학기,,,행정학개론,,
한양대,행정학과,1,2학기,,,Ai시대쓰기의힘,,
한양대,행정학과,1,2학기,,,경제원론,,
한양대,행정학과,1,2학기,,,말과글,,
한양대,행정학과,1,2학기,,,비판적사고,,
한양대,행정학과,1,2학기,,,정치학원론,,
한양대,행정학과,1,2학기,,,창의적컴퓨팅,,
한양대,행정학과,1,2학기,,,헌법과기본권,,
한양대,행정학과,2,1학기,,,Ai행정과데이터분석,,
한양대,행정학과,2,1학기,,,경제분석,,
한양대,행정학과,2,1학기,,,스토리텔링의설계와전략,,
한양대,행정학과,2,1학기,,,인공지능과기계학습,,
한양대,행정학과,2,1학기,,,인사행정론,,
한양대,행정학과,2,1학기,,,조사방법론,,
한양대,행정학과,2,1학기,,,조직론,,
한양대,행정학과,2,1학기,,,행정학의이론,,
한양대,행정학과,2,2학기,,,Technology And Ai: Utopia Or Dystopia?,,
한양대,행정학과,2,2학기,,,사랑의실천2(스마트커뮤니케이션),,
한양대,행정학과,2,2학기,,,재무행정론,,
한양대,행정학과,2,2학기,,,전문학술영어,,
한양대,행정학과,2,2학기,,,정책학개론,,
한양대,행정학과,2,2학기,,,지방자치론,,
한양대,행정학과,2,2학기,,,창의적프로그래밍,,
한양대,행정학과,2,2학기,,,행정계량분석,,
한양대,행정학과,2,2학기,,,행정학의핵심주제,,
한양대,행정학과,3,1학기,,,감성정부론,,
한양대,행정학과,3,1학기,,,공직윤리론,,
한양대,행정학과,3,1학기,,,문화행정론,,
한양대,행정학과,3,1학기,,,서베이데이터수집론,,
한양대,행정학과,3,1학기,,,정책분석평가론,,
한양대,행정학과,3,1학기,,,조직행태론,,
한양대,행정학과,3,1학기,,,행정연구캡스톤디자인,,
한양대,행정학과,3,2학기,,,공공가치론,,
한양대,행정학과,3,2학기,,,규제정책론,,
한양대,행정학과,3,2학기,,,복지행정론,,
한양대,행정학과,3,2학기,,,사랑의실천3(기업가정신),,
한양대,행정학과,3,2학기,,,성과관리론,,
한양대,행정학과,3,2학기,,,정책실험론,,
한양대,행정학과,3,2학기,,,커리어개발Ⅱ:취.창업진로포트폴리오,,
한양대,행정학과,4,1학기,,,거버넌스이론,,
한양대,행정학과,4,1학기,,,공기업경영론,,
한양대,행정학과,4,1학기,,,사랑의실천4(미래실용인재),,
한양대,행정학과,4,1학기,,,현대정책학이론,,
한양대,행정학과,4,2학기,,,정부혁신론,,
한양대,행정학과,4,2학기,,,창의행정캡스톤디자인,,
